{"0":{"title":"Contact Form","description":"Use the form below to get in touch with our team","labelPlacement":"top_label","descriptionPlacement":"below","button":{"type":"text","text":"Submit","imageUrl":""},"fields":[{"type":"text","id":1,"label":"Name","adminLabel":"","isRequired":true,"size":"large","errorMessage":"","inputs":null,"formId":1,"description":"","allowsPrepopulate":false,"inputMask":false,"inputMaskValue":"","inputType":"","labelPlacement":"","descriptionPlacement":"","subLabelPlacement":"","placeholder":"","cssClass":"","inputName":"","visibility":"visible","noDuplicates":false,"defaultValue":"","choices":"","conditionalLogic":"","productField":"","enablePasswordInput":"","maxLength":"","multipleFiles":false,"maxFiles":"","calculationFormula":"","calculationRounding":"","enableCalculation":"","disableQuantity":false,"displayAllCategories":false,"useRichTextEditor":false,"displayOnly":""},{"type":"phone","id":2,"label":"Phone","adminLabel":"","isRequired":true,"size":"large","errorMessage":"","inputs":null,"phoneFormat":"international","formId":1,"description":"","allowsPrepopulate":false,"inputMask":false,"inputMaskValue":"","inputType":"","labelPlacement":"","descriptionPlacement":"","subLabelPlacement":"","placeholder":"","cssClass":"gf_left_half","inputName":"","visibility":"visible","noDuplicates":false,"defaultValue":"","choices":"","conditionalLogic":"","form_id":"","productField":"","multipleFiles":false,"maxFiles":"","calculationFormula":"","calculationRounding":"","enableCalculation":"","disableQuantity":false,"displayAllCategories":false,"useRichTextEditor":false,"displayOnly":""},{"type":"email","id":3,"label":"Email","adminLabel":"","isRequired":true,"size":"large","errorMessage":"","inputs":null,"formId":1,"description":"","allowsPrepopulate":false,"inputMask":false,"inputMaskValue":"","inputType":"","labelPlacement":"","descriptionPlacement":"","subLabelPlacement":"","placeholder":"","cssClass":"gf_right_half","inputName":"","visibility":"visible","noDuplicates":false,"defaultValue":"","choices":"","conditionalLogic":"","productField":"","emailConfirmEnabled":"","multipleFiles":false,"maxFiles":"","calculationFormula":"","calculationRounding":"","enableCalculation":"","disableQuantity":false,"displayAllCategories":false,"useRichTextEditor":false,"displayOnly":""},{"type":"textarea","id":4,"label":"Message","adminLabel":"","isRequired":true,"size":"large","errorMessage":"","inputs":null,"formId":1,"description":"","allowsPrepopulate":false,"inputMask":false,"inputMaskValue":"","inputType":"","labelPlacement":"","descriptionPlacement":"","subLabelPlacement":"","placeholder":"","cssClass":"","inputName":"","visibility":"visible","noDuplicates":false,"defaultValue":"","choices":"","conditionalLogic":"","productField":"","form_id":"","useRichTextEditor":false,"multipleFiles":false,"maxFiles":"","calculationFormula":"","calculationRounding":"","enableCalculation":"","disableQuantity":false,"displayAllCategories":false,"displayOnly":""}],"version":"2.2.3","id":1,"useCurrentUserAsAuthor":true,"postContentTemplateEnabled":false,"postTitleTemplateEnabled":false,"postTitleTemplate":"","postContentTemplate":"","lastPageButton":null,"pagination":null,"firstPageCssClass":null,"confirmations":[{"id":"5896aa97275c3","name":"Default Confirmation","isDefault":true,"type":"message","message":"Thanks for contacting us! We will get in touch with you shortly.","url":"","pageId":"","queryString":""}],"notifications":[{"id":"5896aa97272fd","to":"{admin_email}","name":"Admin Notification","event":"form_submission","toType":"email","subject":"New submission from {form_title}","message":"{all_fields}"}]},"1":{"title":"Newsletter","description":"Enter your email address below to join our weekly newsletter.","labelPlacement":"top_label","descriptionPlacement":"below","button":{"type":"text","text":"Submit","imageUrl":""},"fields":[{"type":"email","id":1,"label":"","adminLabel":"","isRequired":false,"size":"large","errorMessage":"","inputs":null,"formId":2,"description":"","allowsPrepopulate":false,"inputMask":false,"inputMaskValue":"","inputType":"","labelPlacement":"","descriptionPlacement":"","subLabelPlacement":"","placeholder":"Email address","cssClass":"","inputName":"","visibility":"visible","noDuplicates":false,"defaultValue":"","choices":"","conditionalLogic":"","productField":"","emailConfirmEnabled":"","displayOnly":"","multipleFiles":false,"maxFiles":"","calculationFormula":"","calculationRounding":"","enableCalculation":"","disableQuantity":false,"displayAllCategories":false,"useRichTextEditor":false}],"version":"2.2.3","id":2,"useCurrentUserAsAuthor":true,"postContentTemplateEnabled":false,"postTitleTemplateEnabled":false,"postTitleTemplate":"","postContentTemplate":"","lastPageButton":null,"pagination":null,"firstPageCssClass":null,"notifications":[{"id":"593a1ce42d9d9","to":"{admin_email}","name":"Admin Notification","event":"form_submission","toType":"email","subject":"New submission from {form_title}","message":"{all_fields}"}],"confirmations":[{"id":"593a1ce42dd6b","name":"Default Confirmation","isDefault":true,"type":"message","message":"Thanks for contacting us! We will get in touch with you shortly.","url":"","pageId":"","queryString":""}],"subLabelPlacement":"below","cssClass":"","enableHoneypot":false,"enableAnimation":false,"save":{"enabled":false,"button":{"type":"link","text":"Save and Continue Later"}},"limitEntries":false,"limitEntriesCount":"","limitEntriesPeriod":"","limitEntriesMessage":"","scheduleForm":false,"scheduleStart":"","scheduleStartHour":"","scheduleStartMinute":"","scheduleStartAmpm":"","scheduleEnd":"","scheduleEndHour":"","scheduleEndMinute":"","scheduleEndAmpm":"","schedulePendingMessage":"","scheduleMessage":"","requireLogin":false,"requireLoginMessage":""},"version":"2.2.3"}